model,lang_id,group,layer,n_layers,cos_mean,n_samples
whisper-large-v3,en_us,nontonal_high,1,32,0.974988,264
whisper-large-v3,en_us,nontonal_high,2,32,0.948493,264
whisper-large-v3,en_us,nontonal_high,3,32,0.960644,264
whisper-large-v3,en_us,nontonal_high,4,32,0.957118,264
whisper-large-v3,en_us,nontonal_high,5,32,0.950741,264
whisper-large-v3,en_us,nontonal_high,6,32,0.96632,264
whisper-large-v3,en_us,nontonal_high,7,32,0.957112,264
whisper-large-v3,en_us,nontonal_high,8,32,0.941564,264
whisper-large-v3,en_us,nontonal_high,9,32,0.946584,264
whisper-large-v3,en_us,nontonal_high,10,32,0.942069,264
whisper-large-v3,en_us,nontonal_high,11,32,0.972565,264
whisper-large-v3,en_us,nontonal_high,12,32,0.956417,264
whisper-large-v3,en_us,nontonal_high,13,32,0.950681,264
whisper-large-v3,en_us,nontonal_high,14,32,0.969207,264
whisper-large-v3,en_us,nontonal_high,15,32,0.951691,264
whisper-large-v3,en_us,nontonal_high,16,32,0.961222,264
whisper-large-v3,en_us,nontonal_high,17,32,0.967416,264
whisper-large-v3,en_us,nontonal_high,18,32,0.957417,264
whisper-large-v3,en_us,nontonal_high,19,32,0.965706,264
whisper-large-v3,en_us,nontonal_high,20,32,0.963738,264
whisper-large-v3,en_us,nontonal_high,21,32,0.967914,264
whisper-large-v3,en_us,nontonal_high,22,32,0.963555,264
whisper-large-v3,en_us,nontonal_high,23,32,0.95804,264
whisper-large-v3,en_us,nontonal_high,24,32,0.950853,264
whisper-large-v3,en_us,nontonal_high,25,32,0.937144,264
whisper-large-v3,en_us,nontonal_high,26,32,0.939385,264
whisper-large-v3,en_us,nontonal_high,27,32,0.923432,264
whisper-large-v3,en_us,nontonal_high,28,32,0.904033,264
whisper-large-v3,en_us,nontonal_high,29,32,0.915952,264
whisper-large-v3,en_us,nontonal_high,30,32,0.911813,264
whisper-large-v3,en_us,nontonal_high,31,32,0.90973,264
whisper-large-v3,en_us,nontonal_high,32,32,0.910617,264
whisper-large-v3,fr_fr,?,1,32,0.97056,264
whisper-large-v3,fr_fr,?,2,32,0.943959,264
whisper-large-v3,fr_fr,?,3,32,0.957247,264
whisper-large-v3,fr_fr,?,4,32,0.951904,264
whisper-large-v3,fr_fr,?,5,32,0.945123,264
whisper-large-v3,fr_fr,?,6,32,0.962969,264
whisper-large-v3,fr_fr,?,7,32,0.951775,264
whisper-large-v3,fr_fr,?,8,32,0.934713,264
whisper-large-v3,fr_fr,?,9,32,0.940337,264
whisper-large-v3,fr_fr,?,10,32,0.934898,264
whisper-large-v3,fr_fr,?,11,32,0.968673,264
whisper-large-v3,fr_fr,?,12,32,0.949027,264
whisper-large-v3,fr_fr,?,13,32,0.942367,264
whisper-large-v3,fr_fr,?,14,32,0.9639,264
whisper-large-v3,fr_fr,?,15,32,0.945568,264
whisper-large-v3,fr_fr,?,16,32,0.956658,264
whisper-large-v3,fr_fr,?,17,32,0.961535,264
whisper-large-v3,fr_fr,?,18,32,0.951459,264
whisper-large-v3,fr_fr,?,19,32,0.959143,264
whisper-large-v3,fr_fr,?,20,32,0.956163,264
whisper-large-v3,fr_fr,?,21,32,0.961456,264
whisper-large-v3,fr_fr,?,22,32,0.954315,264
whisper-large-v3,fr_fr,?,23,32,0.951846,264
whisper-large-v3,fr_fr,?,24,32,0.944561,264
whisper-large-v3,fr_fr,?,25,32,0.92787,264
whisper-large-v3,fr_fr,?,26,32,0.93089,264
whisper-large-v3,fr_fr,?,27,32,0.914664,264
whisper-large-v3,fr_fr,?,28,32,0.898858,264
whisper-large-v3,fr_fr,?,29,32,0.909923,264
whisper-large-v3,fr_fr,?,30,32,0.905966,264
whisper-large-v3,fr_fr,?,31,32,0.902371,264
whisper-large-v3,fr_fr,?,32,32,0.905064,264
whisper-large-v3,de_de,nontonal_high,1,32,0.967428,264
whisper-large-v3,de_de,nontonal_high,2,32,0.933988,264
whisper-large-v3,de_de,nontonal_high,3,32,0.951953,264
whisper-large-v3,de_de,nontonal_high,4,32,0.944925,264
whisper-large-v3,de_de,nontonal_high,5,32,0.934208,264
whisper-large-v3,de_de,nontonal_high,6,32,0.958205,264
whisper-large-v3,de_de,nontonal_high,7,32,0.943769,264
whisper-large-v3,de_de,nontonal_high,8,32,0.919296,264
whisper-large-v3,de_de,nontonal_high,9,32,0.924816,264
whisper-large-v3,de_de,nontonal_high,10,32,0.919696,264
whisper-large-v3,de_de,nontonal_high,11,32,0.963643,264
whisper-large-v3,de_de,nontonal_high,12,32,0.93992,264
whisper-large-v3,de_de,nontonal_high,13,32,0.932077,264
whisper-large-v3,de_de,nontonal_high,14,32,0.956869,264
whisper-large-v3,de_de,nontonal_high,15,32,0.93395,264
whisper-large-v3,de_de,nontonal_high,16,32,0.951802,264
whisper-large-v3,de_de,nontonal_high,17,32,0.956608,264
whisper-large-v3,de_de,nontonal_high,18,32,0.942005,264
whisper-large-v3,de_de,nontonal_high,19,32,0.951675,264
whisper-large-v3,de_de,nontonal_high,20,32,0.949494,264
whisper-large-v3,de_de,nontonal_high,21,32,0.956897,264
whisper-large-v3,de_de,nontonal_high,22,32,0.946904,264
whisper-large-v3,de_de,nontonal_high,23,32,0.942899,264
whisper-large-v3,de_de,nontonal_high,24,32,0.932917,264
whisper-large-v3,de_de,nontonal_high,25,32,0.916241,264
whisper-large-v3,de_de,nontonal_high,26,32,0.922276,264
whisper-large-v3,de_de,nontonal_high,27,32,0.902925,264
whisper-large-v3,de_de,nontonal_high,28,32,0.886765,264
whisper-large-v3,de_de,nontonal_high,29,32,0.897387,264
whisper-large-v3,de_de,nontonal_high,30,32,0.895214,264
whisper-large-v3,de_de,nontonal_high,31,32,0.890696,264
whisper-large-v3,de_de,nontonal_high,32,32,0.892706,264
whisper-large-v3,es_419,nontonal_high,1,32,0.967239,264
whisper-large-v3,es_419,nontonal_high,2,32,0.936397,264
whisper-large-v3,es_419,nontonal_high,3,32,0.95092,264
whisper-large-v3,es_419,nontonal_high,4,32,0.943551,264
whisper-large-v3,es_419,nontonal_high,5,32,0.934461,264
whisper-large-v3,es_419,nontonal_high,6,32,0.957173,264
whisper-large-v3,es_419,nontonal_high,7,32,0.943138,264
whisper-large-v3,es_419,nontonal_high,8,32,0.920829,264
whisper-large-v3,es_419,nontonal_high,9,32,0.930377,264
whisper-large-v3,es_419,nontonal_high,10,32,0.921554,264
whisper-large-v3,es_419,nontonal_high,11,32,0.962761,264
whisper-large-v3,es_419,nontonal_high,12,32,0.940928,264
whisper-large-v3,es_419,nontonal_high,13,32,0.930568,264
whisper-large-v3,es_419,nontonal_high,14,32,0.95726,264
whisper-large-v3,es_419,nontonal_high,15,32,0.933294,264
whisper-large-v3,es_419,nontonal_high,16,32,0.950698,264
whisper-large-v3,es_419,nontonal_high,17,32,0.954619,264
whisper-large-v3,es_419,nontonal_high,18,32,0.941196,264
whisper-large-v3,es_419,nontonal_high,19,32,0.952689,264
whisper-large-v3,es_419,nontonal_high,20,32,0.950595,264
whisper-large-v3,es_419,nontonal_high,21,32,0.958406,264
whisper-large-v3,es_419,nontonal_high,22,32,0.949447,264
whisper-large-v3,es_419,nontonal_high,23,32,0.947173,264
whisper-large-v3,es_419,nontonal_high,24,32,0.939452,264
whisper-large-v3,es_419,nontonal_high,25,32,0.92335,264
whisper-large-v3,es_419,nontonal_high,26,32,0.928641,264
whisper-large-v3,es_419,nontonal_high,27,32,0.910177,264
whisper-large-v3,es_419,nontonal_high,28,32,0.894829,264
whisper-large-v3,es_419,nontonal_high,29,32,0.90588,264
whisper-large-v3,es_419,nontonal_high,30,32,0.904548,264
whisper-large-v3,es_419,nontonal_high,31,32,0.900423,264
whisper-large-v3,es_419,nontonal_high,32,32,0.903548,264
whisper-large-v3,vi_vn,tonal_mid,1,32,0.972558,264
whisper-large-v3,vi_vn,tonal_mid,2,32,0.940538,264
whisper-large-v3,vi_vn,tonal_mid,3,32,0.9569,264
whisper-large-v3,vi_vn,tonal_mid,4,32,0.950226,264
whisper-large-v3,vi_vn,tonal_mid,5,32,0.942871,264
whisper-large-v3,vi_vn,tonal_mid,6,32,0.96018,264
whisper-large-v3,vi_vn,tonal_mid,7,32,0.950639,264
whisper-large-v3,vi_vn,tonal_mid,8,32,0.928712,264
whisper-large-v3,vi_vn,tonal_mid,9,32,0.935742,264
whisper-large-v3,vi_vn,tonal_mid,10,32,0.925529,264
whisper-large-v3,vi_vn,tonal_mid,11,32,0.96537,264
whisper-large-v3,vi_vn,tonal_mid,12,32,0.946576,264
whisper-large-v3,vi_vn,tonal_mid,13,32,0.94122,264
whisper-large-v3,vi_vn,tonal_mid,14,32,0.962559,264
whisper-large-v3,vi_vn,tonal_mid,15,32,0.94253,264
whisper-large-v3,vi_vn,tonal_mid,16,32,0.958372,264
whisper-large-v3,vi_vn,tonal_mid,17,32,0.962923,264
whisper-large-v3,vi_vn,tonal_mid,18,32,0.950502,264
whisper-large-v3,vi_vn,tonal_mid,19,32,0.958232,264
whisper-large-v3,vi_vn,tonal_mid,20,32,0.955021,264
whisper-large-v3,vi_vn,tonal_mid,21,32,0.960735,264
whisper-large-v3,vi_vn,tonal_mid,22,32,0.952378,264
whisper-large-v3,vi_vn,tonal_mid,23,32,0.949678,264
whisper-large-v3,vi_vn,tonal_mid,24,32,0.940909,264
whisper-large-v3,vi_vn,tonal_mid,25,32,0.923103,264
whisper-large-v3,vi_vn,tonal_mid,26,32,0.926321,264
whisper-large-v3,vi_vn,tonal_mid,27,32,0.908645,264
whisper-large-v3,vi_vn,tonal_mid,28,32,0.887681,264
whisper-large-v3,vi_vn,tonal_mid,29,32,0.900394,264
whisper-large-v3,vi_vn,tonal_mid,30,32,0.897711,264
whisper-large-v3,vi_vn,tonal_mid,31,32,0.893737,264
whisper-large-v3,vi_vn,tonal_mid,32,32,0.895323,264
whisper-large-v3,ta_in,?,1,32,0.968812,264
whisper-large-v3,ta_in,?,2,32,0.932443,264
whisper-large-v3,ta_in,?,3,32,0.949661,264
whisper-large-v3,ta_in,?,4,32,0.93983,264
whisper-large-v3,ta_in,?,5,32,0.929188,264
whisper-large-v3,ta_in,?,6,32,0.954174,264
whisper-large-v3,ta_in,?,7,32,0.939628,264
whisper-large-v3,ta_in,?,8,32,0.916513,264
whisper-large-v3,ta_in,?,9,32,0.92533,264
whisper-large-v3,ta_in,?,10,32,0.915032,264
whisper-large-v3,ta_in,?,11,32,0.960108,264
whisper-large-v3,ta_in,?,12,32,0.936798,264
whisper-large-v3,ta_in,?,13,32,0.924852,264
whisper-large-v3,ta_in,?,14,32,0.955156,264
whisper-large-v3,ta_in,?,15,32,0.92929,264
whisper-large-v3,ta_in,?,16,32,0.948509,264
whisper-large-v3,ta_in,?,17,32,0.951965,264
whisper-large-v3,ta_in,?,18,32,0.937847,264
whisper-large-v3,ta_in,?,19,32,0.949122,264
whisper-large-v3,ta_in,?,20,32,0.949249,264
whisper-large-v3,ta_in,?,21,32,0.955597,264
whisper-large-v3,ta_in,?,22,32,0.947529,264
whisper-large-v3,ta_in,?,23,32,0.94201,264
whisper-large-v3,ta_in,?,24,32,0.933951,264
whisper-large-v3,ta_in,?,25,32,0.914246,264
whisper-large-v3,ta_in,?,26,32,0.921512,264
whisper-large-v3,ta_in,?,27,32,0.905033,264
whisper-large-v3,ta_in,?,28,32,0.889465,264
whisper-large-v3,ta_in,?,29,32,0.896653,264
whisper-large-v3,ta_in,?,30,32,0.893009,264
whisper-large-v3,ta_in,?,31,32,0.889642,264
whisper-large-v3,ta_in,?,32,32,0.88714,264
whisper-large-v3,cy_gb,?,1,32,0.965944,264
whisper-large-v3,cy_gb,?,2,32,0.924839,264
whisper-large-v3,cy_gb,?,3,32,0.94585,264
whisper-large-v3,cy_gb,?,4,32,0.940057,264
whisper-large-v3,cy_gb,?,5,32,0.929481,264
whisper-large-v3,cy_gb,?,6,32,0.952484,264
whisper-large-v3,cy_gb,?,7,32,0.939241,264
whisper-large-v3,cy_gb,?,8,32,0.916367,264
whisper-large-v3,cy_gb,?,9,32,0.923904,264
whisper-large-v3,cy_gb,?,10,32,0.916093,264
whisper-large-v3,cy_gb,?,11,32,0.961614,264
whisper-large-v3,cy_gb,?,12,32,0.940342,264
whisper-large-v3,cy_gb,?,13,32,0.931421,264
whisper-large-v3,cy_gb,?,14,32,0.957757,264
whisper-large-v3,cy_gb,?,15,32,0.933055,264
whisper-large-v3,cy_gb,?,16,32,0.951453,264
whisper-large-v3,cy_gb,?,17,32,0.957301,264
whisper-large-v3,cy_gb,?,18,32,0.942471,264
whisper-large-v3,cy_gb,?,19,32,0.954622,264
whisper-large-v3,cy_gb,?,20,32,0.953665,264
whisper-large-v3,cy_gb,?,21,32,0.957818,264
whisper-large-v3,cy_gb,?,22,32,0.951169,264
whisper-large-v3,cy_gb,?,23,32,0.946476,264
whisper-large-v3,cy_gb,?,24,32,0.935485,264
whisper-large-v3,cy_gb,?,25,32,0.915452,264
whisper-large-v3,cy_gb,?,26,32,0.916376,264
whisper-large-v3,cy_gb,?,27,32,0.90219,264
whisper-large-v3,cy_gb,?,28,32,0.881357,264
whisper-large-v3,cy_gb,?,29,32,0.890714,264
whisper-large-v3,cy_gb,?,30,32,0.890775,264
whisper-large-v3,cy_gb,?,31,32,0.888125,264
whisper-large-v3,cy_gb,?,32,32,0.889787,264
whisper-large-v3,th_th,tonal_mid,1,32,0.970515,264
whisper-large-v3,th_th,tonal_mid,2,32,0.935019,264
whisper-large-v3,th_th,tonal_mid,3,32,0.951185,264
whisper-large-v3,th_th,tonal_mid,4,32,0.944868,264
whisper-large-v3,th_th,tonal_mid,5,32,0.937213,264
whisper-large-v3,th_th,tonal_mid,6,32,0.956215,264
whisper-large-v3,th_th,tonal_mid,7,32,0.943875,264
whisper-large-v3,th_th,tonal_mid,8,32,0.926718,264
whisper-large-v3,th_th,tonal_mid,9,32,0.933029,264
whisper-large-v3,th_th,tonal_mid,10,32,0.924107,264
whisper-large-v3,th_th,tonal_mid,11,32,0.964763,264
whisper-large-v3,th_th,tonal_mid,12,32,0.943006,264
whisper-large-v3,th_th,tonal_mid,13,32,0.935404,264
whisper-large-v3,th_th,tonal_mid,14,32,0.959998,264
whisper-large-v3,th_th,tonal_mid,15,32,0.938145,264
whisper-large-v3,th_th,tonal_mid,16,32,0.9546,264
whisper-large-v3,th_th,tonal_mid,17,32,0.95891,264
whisper-large-v3,th_th,tonal_mid,18,32,0.94797,264
whisper-large-v3,th_th,tonal_mid,19,32,0.956739,264
whisper-large-v3,th_th,tonal_mid,20,32,0.954992,264
whisper-large-v3,th_th,tonal_mid,21,32,0.959983,264
whisper-large-v3,th_th,tonal_mid,22,32,0.953881,264
whisper-large-v3,th_th,tonal_mid,23,32,0.948978,264
whisper-large-v3,th_th,tonal_mid,24,32,0.939162,264
whisper-large-v3,th_th,tonal_mid,25,32,0.925607,264
whisper-large-v3,th_th,tonal_mid,26,32,0.926367,264
whisper-large-v3,th_th,tonal_mid,27,32,0.913052,264
whisper-large-v3,th_th,tonal_mid,28,32,0.891567,264
whisper-large-v3,th_th,tonal_mid,29,32,0.904439,264
whisper-large-v3,th_th,tonal_mid,30,32,0.897411,264
whisper-large-v3,th_th,tonal_mid,31,32,0.894716,264
whisper-large-v3,th_th,tonal_mid,32,32,0.893519,264
whisper-large-v3,af_za,?,1,32,0.966767,264
whisper-large-v3,af_za,?,2,32,0.932644,264
whisper-large-v3,af_za,?,3,32,0.950598,264
whisper-large-v3,af_za,?,4,32,0.944134,264
whisper-large-v3,af_za,?,5,32,0.93494,264
whisper-large-v3,af_za,?,6,32,0.957445,264
whisper-large-v3,af_za,?,7,32,0.945245,264
whisper-large-v3,af_za,?,8,32,0.924401,264
whisper-large-v3,af_za,?,9,32,0.932211,264
whisper-large-v3,af_za,?,10,32,0.926101,264
whisper-large-v3,af_za,?,11,32,0.964801,264
whisper-large-v3,af_za,?,12,32,0.943978,264
whisper-large-v3,af_za,?,13,32,0.936344,264
whisper-large-v3,af_za,?,14,32,0.959776,264
whisper-large-v3,af_za,?,15,32,0.93743,264
whisper-large-v3,af_za,?,16,32,0.953438,264
whisper-large-v3,af_za,?,17,32,0.95924,264
whisper-large-v3,af_za,?,18,32,0.945221,264
whisper-large-v3,af_za,?,19,32,0.955355,264
whisper-large-v3,af_za,?,20,32,0.953402,264
whisper-large-v3,af_za,?,21,32,0.959116,264
whisper-large-v3,af_za,?,22,32,0.951472,264
whisper-large-v3,af_za,?,23,32,0.944061,264
whisper-large-v3,af_za,?,24,32,0.936546,264
whisper-large-v3,af_za,?,25,32,0.922215,264
whisper-large-v3,af_za,?,26,32,0.919974,264
whisper-large-v3,af_za,?,27,32,0.908383,264
whisper-large-v3,af_za,?,28,32,0.890506,264
whisper-large-v3,af_za,?,29,32,0.902989,264
whisper-large-v3,af_za,?,30,32,0.900348,264
whisper-large-v3,af_za,?,31,32,0.896169,264
whisper-large-v3,af_za,?,32,32,0.897646,264
whisper-large-v3,is_is,?,1,32,0.967857,264
whisper-large-v3,is_is,?,2,32,0.93642,264
whisper-large-v3,is_is,?,3,32,0.952376,264
whisper-large-v3,is_is,?,4,32,0.944184,264
whisper-large-v3,is_is,?,5,32,0.933546,264
whisper-large-v3,is_is,?,6,32,0.958911,264
whisper-large-v3,is_is,?,7,32,0.944804,264
whisper-large-v3,is_is,?,8,32,0.92214,264
whisper-large-v3,is_is,?,9,32,0.926731,264
whisper-large-v3,is_is,?,10,32,0.921745,264
whisper-large-v3,is_is,?,11,32,0.963317,264
whisper-large-v3,is_is,?,12,32,0.941723,264
whisper-large-v3,is_is,?,13,32,0.932264,264
whisper-large-v3,is_is,?,14,32,0.95737,264
whisper-large-v3,is_is,?,15,32,0.932998,264
whisper-large-v3,is_is,?,16,32,0.952732,264
whisper-large-v3,is_is,?,17,32,0.956614,264
whisper-large-v3,is_is,?,18,32,0.943188,264
whisper-large-v3,is_is,?,19,32,0.952795,264
whisper-large-v3,is_is,?,20,32,0.949528,264
whisper-large-v3,is_is,?,21,32,0.955433,264
whisper-large-v3,is_is,?,22,32,0.946881,264
whisper-large-v3,is_is,?,23,32,0.940027,264
whisper-large-v3,is_is,?,24,32,0.930946,264
whisper-large-v3,is_is,?,25,32,0.915343,264
whisper-large-v3,is_is,?,26,32,0.913013,264
whisper-large-v3,is_is,?,27,32,0.899346,264
whisper-large-v3,is_is,?,28,32,0.880468,264
whisper-large-v3,is_is,?,29,32,0.892398,264
whisper-large-v3,is_is,?,30,32,0.891772,264
whisper-large-v3,is_is,?,31,32,0.887665,264
whisper-large-v3,is_is,?,32,32,0.891674,264
whisper-large-v3,sw_ke,nontonal_mid,1,32,0.971555,264
whisper-large-v3,sw_ke,nontonal_mid,2,32,0.931606,264
whisper-large-v3,sw_ke,nontonal_mid,3,32,0.950683,264
whisper-large-v3,sw_ke,nontonal_mid,4,32,0.941157,264
whisper-large-v3,sw_ke,nontonal_mid,5,32,0.932766,264
whisper-large-v3,sw_ke,nontonal_mid,6,32,0.955971,264
whisper-large-v3,sw_ke,nontonal_mid,7,32,0.942357,264
whisper-large-v3,sw_ke,nontonal_mid,8,32,0.918782,264
whisper-large-v3,sw_ke,nontonal_mid,9,32,0.926371,264
whisper-large-v3,sw_ke,nontonal_mid,10,32,0.918303,264
whisper-large-v3,sw_ke,nontonal_mid,11,32,0.962103,264
whisper-large-v3,sw_ke,nontonal_mid,12,32,0.939019,264
whisper-large-v3,sw_ke,nontonal_mid,13,32,0.930743,264
whisper-large-v3,sw_ke,nontonal_mid,14,32,0.957997,264
whisper-large-v3,sw_ke,nontonal_mid,15,32,0.933963,264
whisper-large-v3,sw_ke,nontonal_mid,16,32,0.952596,264
whisper-large-v3,sw_ke,nontonal_mid,17,32,0.956905,264
whisper-large-v3,sw_ke,nontonal_mid,18,32,0.943329,264
whisper-large-v3,sw_ke,nontonal_mid,19,32,0.953127,264
whisper-large-v3,sw_ke,nontonal_mid,20,32,0.950889,264
whisper-large-v3,sw_ke,nontonal_mid,21,32,0.955362,264
whisper-large-v3,sw_ke,nontonal_mid,22,32,0.9458,264
whisper-large-v3,sw_ke,nontonal_mid,23,32,0.943485,264
whisper-large-v3,sw_ke,nontonal_mid,24,32,0.932823,264
whisper-large-v3,sw_ke,nontonal_mid,25,32,0.916562,264
whisper-large-v3,sw_ke,nontonal_mid,26,32,0.917705,264
whisper-large-v3,sw_ke,nontonal_mid,27,32,0.898685,264
whisper-large-v3,sw_ke,nontonal_mid,28,32,0.875692,264
whisper-large-v3,sw_ke,nontonal_mid,29,32,0.888715,264
whisper-large-v3,sw_ke,nontonal_mid,30,32,0.890071,264
whisper-large-v3,sw_ke,nontonal_mid,31,32,0.886297,264
whisper-large-v3,sw_ke,nontonal_mid,32,32,0.890639,264
whisper-large-v3,kk_kz,?,1,32,0.970959,264
whisper-large-v3,kk_kz,?,2,32,0.935455,264
whisper-large-v3,kk_kz,?,3,32,0.951355,264
whisper-large-v3,kk_kz,?,4,32,0.942777,264
whisper-large-v3,kk_kz,?,5,32,0.934283,264
whisper-large-v3,kk_kz,?,6,32,0.959011,264
whisper-large-v3,kk_kz,?,7,32,0.944066,264
whisper-large-v3,kk_kz,?,8,32,0.924041,264
whisper-large-v3,kk_kz,?,9,32,0.930039,264
whisper-large-v3,kk_kz,?,10,32,0.924228,264
whisper-large-v3,kk_kz,?,11,32,0.963914,264
whisper-large-v3,kk_kz,?,12,32,0.940752,264
whisper-large-v3,kk_kz,?,13,32,0.929726,264
whisper-large-v3,kk_kz,?,14,32,0.956341,264
whisper-large-v3,kk_kz,?,15,32,0.934397,264
whisper-large-v3,kk_kz,?,16,32,0.951145,264
whisper-large-v3,kk_kz,?,17,32,0.956321,264
whisper-large-v3,kk_kz,?,18,32,0.941663,264
whisper-large-v3,kk_kz,?,19,32,0.949446,264
whisper-large-v3,kk_kz,?,20,32,0.948955,264
whisper-large-v3,kk_kz,?,21,32,0.954731,264
whisper-large-v3,kk_kz,?,22,32,0.942372,264
whisper-large-v3,kk_kz,?,23,32,0.933481,264
whisper-large-v3,kk_kz,?,24,32,0.921353,264
whisper-large-v3,kk_kz,?,25,32,0.90065,264
whisper-large-v3,kk_kz,?,26,32,0.90476,264
whisper-large-v3,kk_kz,?,27,32,0.888157,264
whisper-large-v3,kk_kz,?,28,32,0.871897,264
whisper-large-v3,kk_kz,?,29,32,0.882088,264
whisper-large-v3,kk_kz,?,30,32,0.886614,264
whisper-large-v3,kk_kz,?,31,32,0.880741,264
whisper-large-v3,kk_kz,?,32,32,0.884931,264
whisper-large-v3,jv_id,?,1,32,0.969024,264
whisper-large-v3,jv_id,?,2,32,0.93641,264
whisper-large-v3,jv_id,?,3,32,0.951813,264
whisper-large-v3,jv_id,?,4,32,0.944793,264
whisper-large-v3,jv_id,?,5,32,0.934767,264
whisper-large-v3,jv_id,?,6,32,0.956162,264
whisper-large-v3,jv_id,?,7,32,0.944717,264
whisper-large-v3,jv_id,?,8,32,0.919771,264
whisper-large-v3,jv_id,?,9,32,0.927464,264
whisper-large-v3,jv_id,?,10,32,0.916788,264
whisper-large-v3,jv_id,?,11,32,0.960587,264
whisper-large-v3,jv_id,?,12,32,0.937494,264
whisper-large-v3,jv_id,?,13,32,0.929454,264
whisper-large-v3,jv_id,?,14,32,0.956965,264
whisper-large-v3,jv_id,?,15,32,0.934045,264
whisper-large-v3,jv_id,?,16,32,0.951768,264
whisper-large-v3,jv_id,?,17,32,0.956117,264
whisper-large-v3,jv_id,?,18,32,0.942465,264
whisper-large-v3,jv_id,?,19,32,0.953374,264
whisper-large-v3,jv_id,?,20,32,0.951471,264
whisper-large-v3,jv_id,?,21,32,0.958069,264
whisper-large-v3,jv_id,?,22,32,0.950813,264
whisper-large-v3,jv_id,?,23,32,0.948,264
whisper-large-v3,jv_id,?,24,32,0.935441,264
whisper-large-v3,jv_id,?,25,32,0.919584,264
whisper-large-v3,jv_id,?,26,32,0.923028,264
whisper-large-v3,jv_id,?,27,32,0.905752,264
whisper-large-v3,jv_id,?,28,32,0.886499,264
whisper-large-v3,jv_id,?,29,32,0.898696,264
whisper-large-v3,jv_id,?,30,32,0.895151,264
whisper-large-v3,jv_id,?,31,32,0.890585,264
whisper-large-v3,jv_id,?,32,32,0.894619,264
whisper-large-v3,mt_mt,?,1,32,0.969552,264
whisper-large-v3,mt_mt,?,2,32,0.929405,264
whisper-large-v3,mt_mt,?,3,32,0.949412,264
whisper-large-v3,mt_mt,?,4,32,0.940564,264
whisper-large-v3,mt_mt,?,5,32,0.932893,264
whisper-large-v3,mt_mt,?,6,32,0.955106,264
whisper-large-v3,mt_mt,?,7,32,0.941011,264
whisper-large-v3,mt_mt,?,8,32,0.917668,264
whisper-large-v3,mt_mt,?,9,32,0.925457,264
whisper-large-v3,mt_mt,?,10,32,0.917676,264
whisper-large-v3,mt_mt,?,11,32,0.96256,264
whisper-large-v3,mt_mt,?,12,32,0.939656,264
whisper-large-v3,mt_mt,?,13,32,0.928662,264
whisper-large-v3,mt_mt,?,14,32,0.956675,264
whisper-large-v3,mt_mt,?,15,32,0.93115,264
whisper-large-v3,mt_mt,?,16,32,0.950873,264
whisper-large-v3,mt_mt,?,17,32,0.956435,264
whisper-large-v3,mt_mt,?,18,32,0.941576,264
whisper-large-v3,mt_mt,?,19,32,0.951175,264
whisper-large-v3,mt_mt,?,20,32,0.949465,264
whisper-large-v3,mt_mt,?,21,32,0.955762,264
whisper-large-v3,mt_mt,?,22,32,0.94439,264
whisper-large-v3,mt_mt,?,23,32,0.940085,264
whisper-large-v3,mt_mt,?,24,32,0.928775,264
whisper-large-v3,mt_mt,?,25,32,0.908093,264
whisper-large-v3,mt_mt,?,26,32,0.913962,264
whisper-large-v3,mt_mt,?,27,32,0.892726,264
whisper-large-v3,mt_mt,?,28,32,0.870188,264
whisper-large-v3,mt_mt,?,29,32,0.885312,264
whisper-large-v3,mt_mt,?,30,32,0.885224,264
whisper-large-v3,mt_mt,?,31,32,0.878531,264
whisper-large-v3,mt_mt,?,32,32,0.886276,264
whisper-large-v3,ln_cd,tonal_low,1,32,0.968243,264
whisper-large-v3,ln_cd,tonal_low,2,32,0.921314,264
whisper-large-v3,ln_cd,tonal_low,3,32,0.945667,264
whisper-large-v3,ln_cd,tonal_low,4,32,0.937803,264
whisper-large-v3,ln_cd,tonal_low,5,32,0.926279,264
whisper-large-v3,ln_cd,tonal_low,6,32,0.950547,264
whisper-large-v3,ln_cd,tonal_low,7,32,0.937418,264
whisper-large-v3,ln_cd,tonal_low,8,32,0.909663,264
whisper-large-v3,ln_cd,tonal_low,9,32,0.916773,264
whisper-large-v3,ln_cd,tonal_low,10,32,0.902794,264
whisper-large-v3,ln_cd,tonal_low,11,32,0.95504,264
whisper-large-v3,ln_cd,tonal_low,12,32,0.932844,264
whisper-large-v3,ln_cd,tonal_low,13,32,0.921318,264
whisper-large-v3,ln_cd,tonal_low,14,32,0.953689,264
whisper-large-v3,ln_cd,tonal_low,15,32,0.92738,264
whisper-large-v3,ln_cd,tonal_low,16,32,0.950049,264
whisper-large-v3,ln_cd,tonal_low,17,32,0.953865,264
whisper-large-v3,ln_cd,tonal_low,18,32,0.933599,264
whisper-large-v3,ln_cd,tonal_low,19,32,0.94842,264
whisper-large-v3,ln_cd,tonal_low,20,32,0.945728,264
whisper-large-v3,ln_cd,tonal_low,21,32,0.950484,264
whisper-large-v3,ln_cd,tonal_low,22,32,0.939831,264
whisper-large-v3,ln_cd,tonal_low,23,32,0.935794,264
whisper-large-v3,ln_cd,tonal_low,24,32,0.923846,264
whisper-large-v3,ln_cd,tonal_low,25,32,0.90101,264
whisper-large-v3,ln_cd,tonal_low,26,32,0.90154,264
whisper-large-v3,ln_cd,tonal_low,27,32,0.878851,264
whisper-large-v3,ln_cd,tonal_low,28,32,0.847498,264
whisper-large-v3,ln_cd,tonal_low,29,32,0.8643,264
whisper-large-v3,ln_cd,tonal_low,30,32,0.869886,264
whisper-large-v3,ln_cd,tonal_low,31,32,0.862835,264
whisper-large-v3,ln_cd,tonal_low,32,32,0.871102,264
whisper-large-v3,ha_ng,tonal_low,1,32,0.965132,264
whisper-large-v3,ha_ng,tonal_low,2,32,0.910292,264
whisper-large-v3,ha_ng,tonal_low,3,32,0.937004,264
whisper-large-v3,ha_ng,tonal_low,4,32,0.924896,264
whisper-large-v3,ha_ng,tonal_low,5,32,0.9159,264
whisper-large-v3,ha_ng,tonal_low,6,32,0.945138,264
whisper-large-v3,ha_ng,tonal_low,7,32,0.927414,264
whisper-large-v3,ha_ng,tonal_low,8,32,0.901376,264
whisper-large-v3,ha_ng,tonal_low,9,32,0.908425,264
whisper-large-v3,ha_ng,tonal_low,10,32,0.895354,264
whisper-large-v3,ha_ng,tonal_low,11,32,0.954216,264
whisper-large-v3,ha_ng,tonal_low,12,32,0.927794,264
whisper-large-v3,ha_ng,tonal_low,13,32,0.913247,264
whisper-large-v3,ha_ng,tonal_low,14,32,0.949824,264
whisper-large-v3,ha_ng,tonal_low,15,32,0.918391,264
whisper-large-v3,ha_ng,tonal_low,16,32,0.945863,264
whisper-large-v3,ha_ng,tonal_low,17,32,0.950796,264
whisper-large-v3,ha_ng,tonal_low,18,32,0.930451,264
whisper-large-v3,ha_ng,tonal_low,19,32,0.944562,264
whisper-large-v3,ha_ng,tonal_low,20,32,0.942167,264
whisper-large-v3,ha_ng,tonal_low,21,32,0.946951,264
whisper-large-v3,ha_ng,tonal_low,22,32,0.934221,264
whisper-large-v3,ha_ng,tonal_low,23,32,0.930057,264
whisper-large-v3,ha_ng,tonal_low,24,32,0.917733,264
whisper-large-v3,ha_ng,tonal_low,25,32,0.893784,264
whisper-large-v3,ha_ng,tonal_low,26,32,0.895474,264
whisper-large-v3,ha_ng,tonal_low,27,32,0.875787,264
whisper-large-v3,ha_ng,tonal_low,28,32,0.840382,264
whisper-large-v3,ha_ng,tonal_low,29,32,0.8604,264
whisper-large-v3,ha_ng,tonal_low,30,32,0.866243,264
whisper-large-v3,ha_ng,tonal_low,31,32,0.858449,264
whisper-large-v3,ha_ng,tonal_low,32,32,0.869064,264
